{"cameraMode":{"drawMode":0,"name":"Shaded","section":"Shading Mode"},"sceneLighting":true,"audioPlay":false,"sceneViewState":{"showFog":true,"showMaterialUpdate":false,"showSkybox":true,"showFlares":true,"showImageEffects":true,"showParticleSystems":true},"in2DMode":false,"pivot":{"x":0.689694881439209,"y":1.8768031597137452,"z":-0.013424873352050782},"rotation":{"x":-0.29006996750831606,"y":0.09511442482471466,"z":-0.028986042365431787,"w":-0.9518258571624756},"size":10.815083503723145,"orthographic":false}